{
    "$schema": "https://schema.management.azure.com/schemas/2015-01-01/deploymentParameters.json#",
    "contentVersion": "1.0.0.0",
    "parameters": {
        "storageAccounts_marknicfunctionsstore_name": {
            "value": null
        },
        "storageAccounts_testfunctionstore_name": {
            "value": null
        },
        "serverfarms_SouthCentralUSPlan_name": {
            "value": null
        },
        "sites_marknicfunctions_name": {
            "value": null
        }
    }
}