{
    "$schema": "https://schema.management.azure.com/schemas/2015-01-01/deploymentTemplate.json#",
    "contentVersion": "1.0.0.0",
    "parameters": {
        "storageAccounts_marknicfunctionsstore_name": {
            "defaultValue": "marknicfunctionsstore",
            "type": "String"
        },
        "storageAccounts_testfunctionstore_name": {
            "defaultValue": "testfunctionstore",
            "type": "String"
        },
        "serverfarms_SouthCentralUSPlan_name": {
            "defaultValue": "SouthCentralUSPlan",
            "type": "String"
        },
        "sites_marknicfunctions_name": {
            "defaultValue": "marknicfunctions",
            "type": "String"
        }
    },
    "variables": {},
    "resources": [
        {
            "comments": "Generalized from resource: '/subscriptions/d86d53f2-be6f-4e34-979b-82ed85c30d21/resourceGroups/marknic-functions-rg/providers/Microsoft.Storage/storageAccounts/marknicfunctionsstore'.",
            "type": "Microsoft.Storage/storageAccounts",
            "sku": {
                "name": "Standard_RAGRS",
                "tier": "Standard"
            },
            "kind": "Storage",
            "name": "[parameters('storageAccounts_marknicfunctionsstore_name')]",
            "apiVersion": "2016-01-01",
            "location": "southcentralus",
            "tags": {},
            "properties": {},
            "resources": [],
            "dependsOn": []
        },
        {
            "comments": "Generalized from resource: '/subscriptions/d86d53f2-be6f-4e34-979b-82ed85c30d21/resourceGroups/marknic-functions-rg/providers/Microsoft.Storage/storageAccounts/testfunctionstore'.",
            "type": "Microsoft.Storage/storageAccounts",
            "sku": {
                "name": "Standard_RAGRS",
                "tier": "Standard"
            },
            "kind": "Storage",
            "name": "[parameters('storageAccounts_testfunctionstore_name')]",
            "apiVersion": "2016-01-01",
            "location": "southcentralus",
            "tags": {},
            "properties": {},
            "resources": [],
            "dependsOn": []
        },
        {
            "comments": "Generalized from resource: '/subscriptions/d86d53f2-be6f-4e34-979b-82ed85c30d21/resourceGroups/marknic-functions-rg/providers/Microsoft.Web/serverfarms/SouthCentralUSPlan'.",
            "type": "Microsoft.Web/serverfarms",
            "sku": {
                "name": "Y1",
                "tier": "Dynamic",
                "size": "Y1",
                "family": "Y",
                "capacity": 0
            },
            "kind": "functionapp",
            "name": "[parameters('serverfarms_SouthCentralUSPlan_name')]",
            "apiVersion": "2015-08-01",
            "location": "South Central US",
            "properties": {
                "name": "[parameters('serverfarms_SouthCentralUSPlan_name')]",
                "numberOfWorkers": 0
            },
            "resources": [],
            "dependsOn": []
        },
        {
            "comments": "Generalized from resource: '/subscriptions/d86d53f2-be6f-4e34-979b-82ed85c30d21/resourceGroups/marknic-functions-rg/providers/Microsoft.Web/sites/marknicfunctions'.",
            "type": "Microsoft.Web/sites",
            "kind": "functionapp",
            "name": "[parameters('sites_marknicfunctions_name')]",
            "apiVersion": "2015-08-01",
            "location": "South Central US",
            "properties": {
                "name": "[parameters('sites_marknicfunctions_name')]",
                "hostNames": [
                    "marknicfunctions.azurewebsites.net"
                ],
                "enabledHostNames": [
                    "marknicfunctions.azurewebsites.net",
                    "marknicfunctions.scm.azurewebsites.net"
                ],
                "hostNameSslStates": [
                    {
                        "name": "[concat(parameters('sites_marknicfunctions_name'),'.azurewebsites.net')]",
                        "sslState": 0,
                        "thumbprint": null,
                        "ipBasedSslState": 0
                    },
                    {
                        "name": "[concat(parameters('sites_marknicfunctions_name'),'.scm.azurewebsites.net')]",
                        "sslState": 0,
                        "thumbprint": null,
                        "ipBasedSslState": 0
                    }
                ],
                "serverFarmId": "[resourceId('Microsoft.Web/serverfarms', parameters('serverfarms_SouthCentralUSPlan_name'))]"
            },
            "resources": [],
            "dependsOn": [
                "[resourceId('Microsoft.Web/serverfarms', parameters('serverfarms_SouthCentralUSPlan_name'))]"
            ]
        }
    ]
}